label,elbow_angle_mean,elbow_angle_var,shoulder_angle_mean,shoulder_angle_var,knee_angle_mean,knee_angle_var,wrist_to_hip_distance_mean,wrist_to_hip_distance_var,wrist_to_shoulder_distance_mean,wrist_to_shoulder_distance_var,wrist_velocity_mean,wrist_velocity_var
cover_drive,155.7053596898139,34.98030595487046,129.32440367107102,53.167906029476995,139.24633550976935,9.796269106767395,0.6295113259956461,0.008893150926797462,0.37923386721780444,0.005611477002793976,0.09396985934360086,0.003055583870857897
cover_drive,152.80293328234438,76.69939323413463,126.56289118037996,27.969905519634665,169.867510349889,11.959039614777307,0.6853567024172611,0.009825259311548115,0.3715702762223361,0.006093397275668965,0.09746992165447511,0.0011909410358623958
cover_drive,146.7915336824966,48.22142915310158,127.19533765100068,45.1162169010971,170.44807047306705,20.71417231894966,0.7793385815047623,0.008577547442653845,0.3566417315543379,0.005721436360905942,0.09128299011027007,0.003757944585441783
cover_drive,150.6143989149167,38.82698781847134,113.9530633348535,49.10829902954582,174.81095505988543,21.421871890322727,0.5704860777777212,0.01081256463073352,0.3853208728968172,0.008612328070841236,0.09388857353507155,0.0019471910975493644
cover_drive,160.25558892695423,56.30089708766116,124.82180533121425,48.83803516173957,145.76554317790522,15.986071336949001,0.585004274520616,0.007763927531148304,0.36745351334406323,0.01218583567145631,0.07616852261992893,0.003436556709182962
cover_drive,131.5363035771518,48.55346317277383,123.58846991542485,48.207112639029894,174.38819085326568,22.998087581759528,0.5940548546247162,0.008381768725674015,0.41912370018532624,0.007464347890331478,0.0719879995019532,0.0
cover_drive,140.8194602022204,64.57034432303496,123.39007518404871,49.666794956948756,159.36026506835773,18.9988000537833,0.6665439253111698,0.008917287110979166,0.400828950832618,0.006146607365013376,0.08129685076503627,0.0007365242120033419
cover_drive,137.45858990963728,64.37422025512245,117.41863315962142,40.174917662187625,171.345855897558,20.813146408988647,0.6695046521075753,0.009655300804217018,0.36069759697078657,0.007776789009462083,0.0677891887736281,0.0
cover_drive,135.91597271377046,35.80299856867148,125.90179645282075,27.32329322495915,160.00825428668006,26.185138276052214,0.5934939605530299,0.012581304489634803,0.3374270337915496,0.007424774837970636,0.07530977503991207,0.000821933848198875
cover_drive,162.21814695148194,21.74908185354729,126.23997476100757,43.32829843265189,157.1572205848023,8.889835517352736,0.6253664353739119,0.008146775518276693,0.3906100352377745,0.00806118600746564,0.10133814469147334,0.0010212887450539514
cover_drive,139.55427048971814,58.45105597290909,124.14716763556443,59.02862605336611,176.02346844607243,20.248287672641908,0.7288697351067354,0.005839329309870023,0.3508273301066115,0.00540558736406453,0.08102394000781117,0.0
cover_drive,159.72343551326315,50.72221308084861,107.64493056565406,25.78189286309442,169.1383827863426,23.280197377734602,0.7685567783418689,0.020198518631025654,0.39889707015738546,0.005229293263910781,0.06325312793654064,0.0020354229246876718
cover_drive,142.11463628102643,47.004372741541054,116.02593524117627,38.0289275901706,179.0709390463969,18.989405974905672,0.6081975681243216,0.00637521186510966,0.30363445772148134,0.006638337854594674,0.08445141798165313,0.005035859827159766
cover_drive,153.5841381811103,73.91773558719386,117.12687495825787,23.410787270161656,152.2604587385327,13.431075793424755,0.7783581480931763,0.0071251466227146495,0.4182351076903773,0.005471803901356326,0.09450204473131729,0.0022699019322117266
cover_drive,150.09528316447762,54.2153213718929,115.60927209260915,46.24501082074913,158.9942180595017,10.278683688266337,0.5249214444706203,0.010604057712027418,0.45200656129231587,0.008447976518005627,0.08378988907367921,0.002071652279205086
cover_drive,167.880981179155,59.22311315125423,117.98935022706273,55.48804194083844,170.6595849876933,27.67526274957475,0.6336326421293098,0.00571435838897825,0.3176119405143977,0.012622598210247499,0.10258139035198964,0.0011409615734347988
cover_drive,147.34044217498638,83.13280262566239,111.19523414325556,27.473821734618433,173.4919136898954,15.513987725984585,0.6196189331160267,0.009427949855164207,0.3953933994252314,0.011940949211678407,0.08592396605039782,0.0027878775865537156
cover_drive,127.06990725146277,54.06217076284523,113.77007256194157,22.936617154069207,153.4083887565405,15.895022323584884,0.6881431491512874,0.005357625487911527,0.3813967960623054,0.006644325586665981,0.08165773443750801,0.0035055156506092083
cover_drive,158.54348371396773,80.7449135682728,120.49202457052097,30.256803436610156,162.04506361717742,19.527729785008695,0.6331370578689561,0.006204641747183218,0.38412633404223107,0.008639039324388935,0.110678235182846,0.00525368922256334
cover_drive,141.62456085720476,49.46787029017836,107.71680606207084,31.73010180451119,169.1659860473925,25.59687781159587,0.5657561624718755,0.0077104874597627125,0.2820836202439173,0.0075445354224742585,0.07416337299903246,0.0004411211452678525
cover_drive,141.33737293748212,53.18544583063828,104.84457090035929,19.46136656452613,193.10606187877355,9.889237737973605,0.5383991529629748,0.016429197349124597,0.5124710629173626,0.004719613439289044,0.0812438606407621,0.002183111101881019
cover_drive,173.02096335597201,36.003001240256424,119.60608822360501,50.882726064864414,170.73891218295935,15.630216751250375,0.6100435714400065,0.005187864670705064,0.36913927727475526,0.0072541150279749255,0.08736813287418782,0.0003893455623619679
cover_drive,157.7339084341489,74.4947794930317,123.51699023804423,44.92458971758885,165.70165058802786,18.00053167647591,0.5663160823044121,0.011107729915856578,0.37556373111234487,0.013860871265005665,0.10104822000524748,0.0022716931051130016
cover_drive,142.72122433011162,33.5860791643192,133.6255552221473,43.67848915205994,171.33789292476925,7.009108282062586,0.6890014230279287,0.01159047118375027,0.3293643607906998,0.006679730539140143,0.08768991548443651,0.0016049335967124874
cover_drive,148.44719838062878,53.00785083973025,119.5407007887008,42.13587516943456,184.42369404350967,1.8300518221328268,0.6023783403204794,0.010617793474803565,0.39349732592973174,0.006958639172300388,0.06708143781871846,0.002155990967428219
cover_drive,173.00457860423649,25.47316795536435,130.43096141369432,35.40064687627949,164.19051863505922,11.366739382565122,0.5951164607767228,0.014550156081446355,0.40656907903463946,0.012850472495147845,0.09700960126757248,0.0023781733578591524
cover_drive,173.20624383820035,63.450618305712254,130.0811646055393,35.84800665051408,165.8784047693415,13.606229913208256,0.693625044733857,0.0058759373190979715,0.4156751756142454,0.0074661770389855536,0.09694672035336667,0.0030017379774625198
cover_drive,174.1390572769851,69.06741280441891,106.65688710482436,39.06265557942519,149.52950505774842,14.73483699309247,0.7324353954357881,0.012231368338141936,0.3481287724568092,0.005161591373966884,0.08533437734733787,0.0
cover_drive,143.83893422685756,61.006182327361444,133.27584547240136,48.52266061114216,134.75497848650508,19.917510392890637,0.6253592978485037,0.011448615998804425,0.45369916148329503,0.0022229328249467207,0.07897074506305073,0.0026818126455867095
cover_drive,132.76781210264005,83.41201917503005,125.59516053995843,51.852175801807654,157.46354366791232,23.126711246787124,0.6994942837655844,0.010815073070480088,0.39068868070706053,0.008756961069988833,0.07619387829965832,0.0012049426395192942
cover_drive,150.1453260053793,62.38033188880478,131.75828464984448,25.180494852302267,163.34988079978157,27.33316995025153,0.5646770357763452,0.007122124939483879,0.38922516234750243,0.010364278533358896,0.08511654576671873,0.004157921180873979
cover_drive,162.41861482800897,71.20503628763369,127.40817705292315,72.5871434048452,162.29186570696822,5.377809559980962,0.7393565244968753,0.00839805199165111,0.3849193482620423,0.011666741917609476,0.06865695268119897,0.0
cover_drive,132.52846028463475,39.71287641701059,126.29085327472586,47.33862979937879,168.6468191671369,9.099574931478092,0.4481283043145313,0.010190237548866337,0.3584870128660919,0.009286280160806513,0.09215992698745697,0.0017764828641173638
cover_drive,161.2432183181704,59.412318951715065,127.17343152667031,30.134574319821645,162.62912933742476,19.23968940893883,0.6810473185710559,0.008621905897213998,0.40376522686138433,0.007255651382636939,0.08380106989325307,0.0031590380840481463
cover_drive,127.76438588798146,30.042907684560852,107.53387052095808,7.3293743221237335,156.04690938995168,22.721433568284766,0.5988046254611364,0.010692265286796482,0.42966831785001214,0.011717521170349536,0.08429479306579338,0.004207171779138794
cover_drive,153.12026016655878,38.88008419132136,116.19865256254035,19.272488824089773,153.2766331307158,15.744494865131097,0.679786725441768,0.016022694409080943,0.31697252289880695,0.009099916911127773,0.07438645182059316,0.002449394176926404
cover_drive,150.40598632763724,19.75506285243504,131.06017863770842,31.529990020677765,157.9525168534691,11.260559808874953,0.5713213242144459,0.01149761654243221,0.37137045805329993,0.008920253606390947,0.08869160291007422,0.004141323311056334
cover_drive,147.83172040548914,26.57048702571966,132.41609078574254,35.35916559063843,179.71262026842138,20.415275813049565,0.6102433677528711,0.011220715629162032,0.4689661727417593,0.013815545481350508,0.08570768757835436,0.0018203811866341507
cover_drive,165.08708031479125,38.72102511922857,125.25076683675417,39.63792012864601,169.14358839123972,12.749776522518744,0.5017361784978127,0.0027445579740304794,0.3290472844476739,0.006715709202169868,0.08200944581618264,0.005374462324859034
cover_drive,165.44887937807275,36.479746010423675,125.39363449592133,34.30090469109545,161.24639733787075,19.167551591316908,0.6660663311029693,0.008812595306405947,0.42851162989268676,0.004802572966801269,0.08506465843609515,0.0066953474531916655
cover_drive,154.71264967032334,82.58937925216883,122.89323693897052,48.130879334617156,164.25046183401648,16.926432238665512,0.5620065096836288,0.011506054756351436,0.341169904173129,0.009863638661677603,0.09606992744534829,0.00223306281447446
cover_drive,148.51921539996277,63.7388374016924,118.98735097786701,53.09765975651209,140.82543968836038,15.88567358085253,0.4718835875627746,0.004767287094204783,0.4421921176795143,0.01050651794952072,0.07766130162049514,0.0
cover_drive,115.95132933184553,44.537711472296785,145.62325051953465,46.08837980049106,157.61364582414674,20.93000531985193,0.5038646985372135,0.008959368230558276,0.3845361727695177,0.007758918174901064,0.09306622244123883,0.002189290452472105
cover_drive,160.12684438019323,41.74883356705788,130.76267838608695,62.80511726673588,152.19402634060134,12.407517368998274,0.7193823546222253,0.00933029604656729,0.44401425547823503,0.006760900006701886,0.09984146487796126,0.0017629716336109045
cover_drive,155.14006249160397,85.12082191714566,118.4691201401449,26.824290657050582,159.0789524540257,20.849703889051774,0.5035075250297697,0.012231148159278926,0.3554320279166309,0.011213875450053978,0.0605785448900152,0.0
cover_drive,131.49254728099334,39.09508277249391,124.41721919482329,37.49082724370343,161.65541608988622,16.997135310305616,0.6351320851021238,0.006470123853199124,0.4122323436249967,0.009855464717079356,0.08892738696409223,0.002613066885502526
cover_drive,155.6044428898333,94.17516107757305,121.14996089052751,35.700834943315925,155.05343593928262,11.496745175359628,0.52741129900248,0.006889209403691786,0.37677697459666554,0.0089360263597936,0.08552164899723205,0.0
cover_drive,162.94624429848275,69.23369394179323,120.44183251956112,30.85917397469403,172.23924855495335,19.184233601162457,0.5122593318995204,0.009762069104054583,0.3919488330305918,0.005480854597834289,0.08693640260694192,0.0
cover_drive,168.248022976148,79.02303721239406,119.53543081720306,45.08836072974702,133.18903005144165,10.715009740328403,0.5981428483406815,0.006247534425005993,0.41257647960795807,0.013592430286094383,0.07299852986182112,0.0
cover_drive,154.86305215864874,86.0139858586177,110.06962670961055,43.48650571229719,189.04114483073303,7.593917366470617,0.5246884510106701,0.008517376877387066,0.35626116837379324,0.010275283605710206,0.08746492914217255,0.0
cover_drive,158.26739049927386,43.88237641840373,134.4386048373465,31.213774489883125,156.59667826305048,21.409129148068548,0.6767617302858681,0.011568347773776713,0.30313676232725273,0.009506496431799103,0.07445005787292114,0.001970552223176527
cover_drive,134.68738926554744,63.591701340203976,114.12759469396005,22.043114896352698,174.42242580156767,19.52236048656353,0.5743201259763685,0.015079125971573725,0.35990624957641976,0.008089901487118618,0.08774291716632174,0.00026066813174277286
cover_drive,157.72901732774315,44.73104231707906,117.9824099751698,59.07699695724678,151.2642641068359,2.7994839151442115,0.7398537124288849,0.01892264783412451,0.3615197214955105,0.0025768534862634813,0.08183306344280138,0.0009275541003186616
cover_drive,149.69052609316935,33.56728019300442,127.65651675057042,47.34310325400521,145.27384581838515,22.404939409677795,0.7727197626567743,0.01060186116352971,0.3646179726096761,0.00760239099965894,0.09127561902307933,0.0
cover_drive,153.99899094820398,47.48356897284091,140.034772126451,37.56158172673059,187.01611646677767,11.046433603973355,0.6636920820101277,0.011117900923269301,0.3403714454973659,0.008496709120983433,0.09736769213568233,0.0008524165914267986
cover_drive,131.42573418609567,54.661915590309164,113.19235059482507,35.207226858705646,163.9230414401564,7.2543910391022415,0.49979501955454153,0.011687233924339338,0.3561640274546626,0.0008187158429024122,0.09300540917340298,0.0020447395105484796
cover_drive,143.31928213971636,29.65101843712885,130.15748506802794,44.89090871584602,196.4503501314298,20.647188171967105,0.6488451137098938,0.009415752244620022,0.4172449795443561,0.00975023856349483,0.09776759508736499,0.00045735416272543045
cover_drive,146.70544512900142,45.777263959944385,129.71822479870693,60.97724216415425,158.94330549042922,15.323925514903525,0.643367345455913,0.009139834749954846,0.423413646583179,0.0016950235862666693,0.07656760852144769,0.0
cover_drive,123.78447088938448,36.44995994590052,113.06807630934377,37.184534836736375,179.69114976991548,16.456117897498576,0.5433074592118261,0.00980065910575265,0.4278423171377255,0.0052673153148782665,0.07571213618400123,0.002617097918548447
cover_drive,149.30612083271348,67.46408029615738,121.86680731207791,49.82329107325394,151.33696889466353,17.923866700033916,0.6043246629313811,0.0057443817656355435,0.30870540557718784,0.009920097298769054,0.08142028570137663,0.0
pull_shot,107.16901398498241,132.5066270068643,71.94360556858166,29.522940429097815,135.22068635866327,51.38802851397191,0.7650937240832335,0.025371220683228588,0.5006448000288143,0.007297949323863791,0.15595317160899533,0.004616548661870893
pull_shot,112.74110339498606,88.75993955162896,89.95813183424058,65.43118414244087,155.08432310451192,43.6033985551392,0.5961553668980109,0.004269120112614013,0.6497214796765448,0.016988445391700135,0.1298737351734431,0.0007803291869087421
pull_shot,108.85566085350221,125.9503710261551,100.65506543793758,73.20365731460149,141.65834898387908,23.371745603140134,0.7410168747003542,0.017905147072803204,0.5093512737612744,0.020604773733625806,0.17970459082080104,0.006772097367110857
pull_shot,100.04385256292913,123.42939253288452,92.50296992286523,71.60324004522795,160.59609031907132,41.5609166000492,0.8057132641838249,0.024458343983605472,0.6037190819969466,0.0045088332552004305,0.1494851103348115,0.003387616082301749
pull_shot,96.94217412599022,150.9204025917524,100.17212719983536,91.49508702641478,148.9808927088766,50.072438939336614,0.7410703224374421,0.021419580938284458,0.5038943926158459,0.013667363478895128,0.14907245408881764,0.0018946957663310707
pull_shot,107.5576569539046,92.34899200176112,100.65483061317826,81.40442922874098,146.13368272858833,36.960568986632886,0.7439260591756528,0.018579602106431167,0.5046630670617752,0.011365582114050898,0.13474929496185137,0.0019993689221537068
pull_shot,112.4169564776907,108.00954994278007,75.42157911996873,59.33774336635574,157.6297921873111,46.604762492866215,0.8310943116482092,0.02027239244831022,0.5211848451733471,0.0074484649250961465,0.15412018310836634,0.005258560068730326
pull_shot,119.12254080426777,131.57432337387428,87.06911025802054,35.00073242871913,142.27283494691272,36.58505121824524,0.7220550078094209,0.01595474124345641,0.5976007831219049,0.009883377486075436,0.13684554635303736,0.005122905668606879
pull_shot,104.52678410768367,103.11647093353021,89.92335632087894,37.274390676312834,140.379103673252,51.109545585005904,0.6368073392691953,0.0051834188572062855,0.45041557733432114,0.012122261775622012,0.14854909085786072,0.004264778289149757
pull_shot,118.49060012194225,6.128255099327319,90.787374475993,95.88320897913755,132.82752066606477,29.48030250970025,0.6731431977500985,0.0137395776774573,0.5572921644503964,0.01799543819147492,0.18063198735665836,0.0038281215499197043
pull_shot,124.45972024951702,96.18291785973878,100.34598482797561,59.97541930251923,147.53075540821897,38.34914622444973,1.0222822067278372,0.025958999023913524,0.5307743887153781,0.016069791055158603,0.1415738541413821,0.0035204996341975815
pull_shot,115.85031574946784,96.03359579339083,89.96117443816311,62.303479314476846,149.93129091875147,39.05709417949018,0.5679973363757591,0.024666008680266735,0.511651448379811,0.005942343630650474,0.1469626163090698,0.004667962006628908
pull_shot,102.00810673809549,122.63180926746014,78.55108682874882,53.16932065163547,139.16867010398255,33.44561148296186,0.7647631484766748,0.012944749352635189,0.6304100743509534,0.012264609947005739,0.11439903454118047,0.0005828171192059379
pull_shot,107.89356130909076,87.65283668360372,87.27192240043458,61.39278069329427,148.63453892547892,45.27703035719477,0.6413338847985208,0.011796198849694437,0.5039046594910381,0.013213450002108568,0.17011026544476088,0.003637321123520979
pull_shot,86.38531334646058,38.342237318205015,82.13542147151608,49.89728314135384,141.2300208336648,34.45911536347291,0.7123169258229667,0.02734537727380385,0.5329491955245766,0.00837826457020272,0.1565048295641234,0.0014287158601477608
pull_shot,111.36693633396482,98.40989335889837,86.9620048709761,96.46559152513899,138.7326170389577,58.517548229236525,0.7199816873085447,0.011060884885208405,0.5848664028372398,0.007479770158661175,0.13464881614283222,0.0052940666000309815
pull_shot,112.80022924593708,74.31292396654592,94.95133222112666,87.11791834905861,162.77600451665924,40.30001954479609,0.86107246963321,0.006834411004181598,0.557873704215459,0.00835857792344161,0.15011745129362247,0.003357101561606525
pull_shot,106.5643962455543,157.58231476678463,86.80517263320054,70.97929328302764,143.28709422648492,34.90098812668632,0.7405342812227231,0.023138268461812116,0.6611054044740835,0.018919054789933984,0.1534988526547068,0.0056790937720712035
pull_shot,98.05653064063671,92.07809831468062,94.61963783278047,80.79151945365223,148.4716016790462,44.54808811885863,0.7835800837586511,0.02840214380781525,0.6001393973242148,0.010506067074601656,0.15396454072313048,0.0
pull_shot,111.30813276236682,0.0,75.86681761186586,71.80337864041935,151.57754265927616,20.167097516334827,0.6767653386811503,0.029593786920298924,0.5463115028425417,0.021420265312092537,0.14796590340758808,0.005316072353762533
pull_shot,121.96979480302797,99.3566516134312,80.94349837593676,59.6189142982339,145.58406660129972,17.759574338801375,0.7172821120649349,0.014804655342017945,0.6443352999002454,0.012145369871578073,0.14297754749513916,0.004287636138754847
pull_shot,109.92777423902928,115.50907213968517,80.96202591016755,39.3975483721184,158.90265323590154,29.093191220763707,0.6141844221773975,0.023106688965681733,0.612250538499875,0.005570995919521833,0.15207559526663364,0.005971166184856747
pull_shot,111.23469894274211,116.01338433506639,78.11394554944113,69.18357136341744,142.4654012093852,28.254797111176728,0.8173053381164717,0.03035492157471961,0.7048881558001849,0.0175221930603248,0.14605112093424794,0.005205440326052686
pull_shot,114.62534961221587,99.02916681420712,88.92057988289727,79.87544296171315,145.30757869441712,25.32148545715343,0.7031947917537757,0.024437372644136195,0.5802083330675168,0.01342888190284702,0.15990060734151088,0.0037503170742047803
pull_shot,114.53398413376152,107.59651656499162,79.3069158681432,93.2980139687415,140.1513013929192,14.304365416096314,0.6472001185887364,0.012852683875251746,0.5836312629785643,0.010849827876705805,0.14201786425470306,0.005739403930964958
pull_shot,110.93652312070496,105.50859169892252,90.885192339594,75.37012229564857,121.37910496803947,29.66318479805291,0.5463973462733347,0.020252419487584567,0.5796775451331855,0.016391235554116656,0.1690923868147271,0.004905550096504735
pull_shot,103.67688029129079,111.13160699214578,84.28345983323683,61.96977946367933,157.51807218210178,27.36252098272586,0.811544263164734,0.024741809580846118,0.5135464895276948,0.016090355338513083,0.16040653829379792,0.004703851774745315
pull_shot,101.41352532264108,66.4313998823623,84.21485545860273,73.77429985343554,134.83829804475167,39.20639575857645,0.6297321090355987,0.01857151990892806,0.5876314837183509,0.022269546609247452,0.12353887395795828,0.007444029132980267
pull_shot,109.2946384568501,108.67146627403078,88.83316931025296,71.65057195483655,144.20495798105162,51.30319715934375,0.6994653623928446,0.027925642005254735,0.5351520484331735,0.011746942245114595,0.1289619450713257,0.00541004744069504
pull_shot,120.48588826784525,92.4279070209566,86.61392468112447,37.81281190142599,143.32186180650905,15.045748309313822,0.6589364347793681,0.02158750232276395,0.6718033185628012,0.02379868561716391,0.1375822488891408,0.007370600313290879
pull_shot,110.10602143067024,89.971015745683,91.04546494015212,63.34358769585511,147.28942207515072,29.140835362362637,0.6158478622098621,0.009194623582345431,0.6254658438763734,0.010837859621640003,0.13741346114210648,0.004517011253446307
pull_shot,114.86821466519102,100.99710110562773,83.38137324604759,88.6105571375822,164.44488667482545,39.88522419834195,0.8264613198073552,0.028693719977696677,0.6586549124217541,0.014579216543873019,0.1586266435560499,0.005539321146693005
pull_shot,98.51900249191354,118.29904496558123,78.45506964326906,44.75719182378631,161.22563999199846,43.99861993606095,0.8720809681241046,0.018098279314188954,0.499803480647137,0.010990163772304561,0.1498120758389926,0.004657977432680019
pull_shot,117.7949993364579,82.98775836863544,90.47832268149259,40.546790857269045,151.25970580755174,34.03699174720908,0.6734165755603349,0.01834919446477603,0.5671813680425405,0.010865348456784196,0.17945902046267403,0.004303107995384241
pull_shot,105.8927376080678,25.259755659462783,81.70478024206449,56.291306689297144,137.9892407422568,50.44232036119578,0.7253535255448158,0.029019109745227766,0.5842946425299056,0.012156356912970623,0.14642297508862598,0.004507592503242918
pull_shot,122.85038882635078,17.872943335521995,73.9091179591517,50.21319296608233,146.1696856610308,42.21224265469175,0.7820101431848397,0.01731027860983601,0.6509254410496266,0.01632682069324147,0.151268867083383,0.006425315144973682
pull_shot,110.3556550760536,76.33068935946912,92.91263054656004,64.40030475995731,146.0156494100924,51.528147509055934,0.5223625549856403,0.010076210808883013,0.4973798983243438,0.010474305280211017,0.1434781589049553,0.0014853487044539045
pull_shot,99.48823460083446,66.37701418909128,105.30026560821427,101.09780026611307,141.1907668014433,29.673358845349092,0.6379506850496794,0.0066430871074231335,0.5718651390259667,0.0078090216703750924,0.1464930545576827,0.0012995883019130449
pull_shot,101.41654068019938,99.94185091881913,90.57811556839891,71.05914150470171,130.5766886650458,44.17076018861319,0.6689412013417557,0.024430005402251147,0.5792595481073737,0.006219172503872619,0.1423843287666381,0.005230727484127535
pull_shot,113.29602088730053,90.31215240997308,98.78372338983141,83.86298373040833,143.0022799204509,42.92644956442964,0.911720861484711,0.033723392205481185,0.49453120829475417,0.008108560933139969,0.17437215765239317,0.0023834378983247253
pull_shot,96.57324460835989,78.8340451542567,90.95839603470108,59.777991466539206,138.40141691366267,25.976871705478345,0.6767444686801515,0.013843432599387404,0.7388016482584139,0.013249546498979331,0.16374884080622815,0.0035218450637621523
pull_shot,106.39333430911253,71.27433011943569,69.33197332216882,32.09719869240131,124.85197381782899,7.227573042375873,0.6338521230823285,0.029274689755671414,0.5769072427277769,0.01742036780174893,0.15529905056575954,0.006065117651430318
pull_shot,100.21624996056848,112.42136922690631,93.1301482078834,49.48675375852886,152.53543152879683,40.73763432704051,0.6911997272436486,0.012140620974103036,0.4975846680998802,0.01236332327607014,0.15380769526969823,0.002914948339084171
pull_shot,108.22969734905749,113.97035645160464,92.35206263124371,95.67579860665799,160.91513612007316,22.084631950197128,0.8895024554069764,0.016283164468109998,0.6527231477468282,0.012285543829414573,0.14068022703860425,0.0008846062804501341
pull_shot,106.51768263173075,43.1505074260885,94.80978662033311,94.91440065992168,136.69207964501464,37.59345183597932,0.6755852328456918,0.015600606889042475,0.6339048313890298,0.011838139300257667,0.17889614922469477,0.0035355350425941576
pull_shot,116.6342659125796,98.23899598084625,93.6022771885994,52.296678835940156,145.4211527773975,32.62556333634268,0.6657581282016941,0.02463457074207227,0.6252573307882541,0.01449292971860338,0.17529651001357735,0.0073986896024726065
pull_shot,104.76047787970347,107.40398958793642,83.60985114762218,62.50681035968585,138.99492643429167,53.278836678719,0.7722963957504551,0.018473796103269047,0.6630758526012038,0.0028834152788592728,0.11222953791519245,0.0060916773104395475
pull_shot,108.52244739173406,103.32733948367029,78.66217143263742,61.495828474547054,169.40098991348768,43.80797547557077,0.7550699412086816,0.016926622629265437,0.5525377295098901,0.0030573688653599274,0.1525756938755598,0.006190966216963707
pull_shot,94.38664901324589,73.00788833079837,79.85144898907672,41.05187907264983,146.6246654012798,9.195614355637158,0.7945472149261072,0.025276985489535775,0.5625232598726309,0.0015810242580649256,0.13030360520219755,0.006965803868205393
pull_shot,83.99812941450513,83.44484654456548,79.69279451959049,79.45917554439094,138.11466903896437,38.80705284675378,0.7902128852222154,0.03285358087811014,0.5658752407201942,0.013579386352414968,0.12162541469069674,0.006880827126587488
pull_shot,101.42920355266341,76.35492404408245,87.84337552426156,28.08540970612527,148.67203393789,45.51284864780763,0.7660125235265595,0.008877717050748926,0.5713828731146556,0.01511652139251386,0.11464691951644548,0.002350467972364572
pull_shot,115.57333673926433,103.98067318705978,90.90027993817235,102.35103732542586,151.47269645295245,41.828867324154835,0.9807142028169873,0.018503368093366567,0.5244673596521527,0.013796744872637958,0.15579648068194676,0.0034465692161075832
pull_shot,99.08008975104612,171.80232703449508,90.30097803153168,46.10940722357496,156.69806593062572,32.701172696420116,0.7175441275669766,0.023935910103401452,0.4900849941310743,0.013481034256452125,0.1819740773853159,0.005432355324394621
pull_shot,104.74952742331087,78.13874942576095,85.11120658765043,56.48900988636315,141.58721969738338,44.90410614878734,0.5860910316350423,0.026034000352884938,0.5535738178500778,0.013583180699920563,0.12798469471483265,0.0071572621336988725
pull_shot,118.76228605588499,126.90638498118994,77.33612637841348,79.99192724213334,150.7287074235851,14.897272159122448,0.7378423923211516,0.022551741423232838,0.6187028390580912,0.012744497741185194,0.15317226996320946,0.007447222784506191
pull_shot,118.59293298162828,0.0,85.76523257394271,58.42707270229626,125.53548867054897,35.12077839296452,0.850889690190053,0.012394024982865869,0.6034135053328151,0.00815354139535496,0.13606684245944894,0.00745478726834007
pull_shot,103.31230043423383,110.36856525960327,74.82662446293065,102.4122910822689,153.0389805728599,31.828251872461887,0.7911085300879906,0.010131263997365329,0.6623041396259849,0.010639263942914994,0.1443757254127398,0.0035166887700690307
pull_shot,102.98317188027815,118.09779783664459,89.80158422473373,76.14293466844596,145.89727802680852,40.10707775181845,0.7028062315394565,0.03560812288986684,0.47087204301643726,0.017295936758964535,0.17229403632480444,0.002795682388068812
pull_shot,127.26092399520361,128.10005190793183,94.8368186080333,62.60808145846153,143.46279847200586,31.508034958228663,0.7746791169531732,0.02980830392523727,0.5926194695631548,0.00817193678282338,0.16264182462795723,0.006342301492789584
pull_shot,113.65625832578887,119.78783864195567,86.09266596368903,41.84093507326642,135.85950073011568,14.537987343351492,0.7610410367052803,0.019415858517413846,0.5493768557647323,0.0,0.12584764173823154,0.006741681302806333
sweep,119.30056991936364,81.08691027695241,90.65200689140191,72.17025210363508,116.64037888908385,57.27873521600034,0.5628011730113529,0.019899802457681786,0.4816060627227765,0.007923729352953744,0.12588243241891298,0.004119796496953071
sweep,124.93934072675123,62.039847545912515,113.97219900578578,46.08127381813234,139.70812103827228,53.65151466028955,0.5342648112150656,0.01462580337333335,0.5577776343949669,0.007463861319687965,0.11757890502092588,0.004019411910029975
sweep,135.96461668405038,73.01446385041166,91.50303038571703,25.147659446339308,104.52783236336188,19.82927754450327,0.4457808269788062,0.018118949843771513,0.4991950527845115,0.0020885483493175185,0.1280012455635409,0.0027744020067347855
sweep,147.12766740227244,35.280124594427186,98.81207076279057,76.65832503314867,122.24779554231141,62.25229793799893,0.4460500582748608,0.014501243100890553,0.5466565718167121,0.007166797883875318,0.14480308086043692,0.00035399396622892145
sweep,129.3099491661419,76.50427227481545,96.9710484003524,47.61888737452914,112.12322095883718,32.495035851116256,0.42132914164279955,0.00797685170905894,0.5193678478455949,0.005974700770466728,0.14219227880141933,0.0007370418641423596
sweep,120.29174725094346,56.25999411297749,112.81319730761868,53.548871086358744,116.00123290398092,61.076693827468965,0.32874024406099245,0.012803742167133871,0.6198508506682857,0.010463212772409355,0.13206759501934195,0.004196256759284392
sweep,135.0277008526086,21.66383933917554,88.27221590858522,51.53289369024726,111.25156525568751,75.87885977240244,0.4233587922140602,0.004197885152505314,0.42391916498936016,0.0003761339312929879,0.12731954655391262,0.002723231745471233
sweep,121.72141588539847,99.18775178354942,111.77992186597622,45.13747448761733,97.84849177901847,63.234524764959104,0.4693230200652528,0.014407731644214099,0.5588887849584869,0.00592310166238636,0.1625776346708304,0.001181144493716264
sweep,133.5521671061846,29.47883810078354,94.40904015187638,73.47499326498564,115.53710567087198,67.28659141341691,0.4525112445243762,0.012522440390199214,0.5818310194959614,0.009171694113718348,0.10300679694910225,0.0014935198160965896
sweep,131.5560126253131,81.9668294803352,89.21280467807883,35.83104567394223,112.5085504635308,45.348453387121104,0.3673517625218381,0.010140911458056373,0.4562833708844284,0.012700366409166717,0.14371938700876663,0.002808379083822368
sweep,122.04823885762303,75.52609266338565,95.33674712316251,28.733221019586995,109.12431178774123,40.44640041571949,0.3785685833709681,0.01373737099373608,0.5437829404270225,0.004445155947206155,0.13139502334031605,0.002660128409467329
sweep,129.442407550211,71.67394304378958,90.13862987575789,26.791859779199623,118.27775855352215,70.72381273936827,0.32309090680892943,0.014573055938097188,0.5713773203172586,0.009464409433278254,0.13964918323753567,0.0016938618382043955
sweep,124.79678871128908,31.15297933863458,82.87015860330199,63.83846546058462,108.70164788228126,43.709393220937564,0.3667958490273338,0.006584637850968365,0.489569737994323,0.007446479820525238,0.13694170408847667,0.004005076837959184
sweep,129.23416443495205,78.01273993139678,114.87458855224419,30.064424680045917,117.48141486304446,72.61495473345651,0.5067677019330483,0.0065309753954821935,0.4812586735006478,0.014753423835535412,0.1389870035337293,0.0034905260629595454
sweep,123.80573829017867,62.328216672164814,104.35186755481705,43.76011470026068,117.59805781734045,53.43049645129368,0.40419782329554327,0.015421188651160544,0.6748546789049252,0.003780546762358738,0.1360934768802665,0.0015796198227621887
sweep,131.82021798139405,73.1732483278621,108.2167349561865,67.7485104853475,119.81645535173163,72.60335164913803,0.31622107120795784,0.020236557955517903,0.5225037291135404,0.013772451745108136,0.11182355329109128,0.0014384602367893285
sweep,127.47105800497933,71.57064518869593,104.30983967816151,66.21985470362343,101.33632022354111,69.72350710525502,0.44043728484577854,0.012072792531883307,0.4117330859369066,0.011760670339319027,0.0930502245817921,0.004396788022477425
sweep,110.95957317843224,73.34713939796035,101.02758228740417,67.64824087453724,116.31349520450888,39.366678187148885,0.41325137765272046,0.018791616597833717,0.5321778181508536,0.008650295064668936,0.12728306227815786,0.0
sweep,129.91581994458355,27.652644166074268,108.13465916121733,50.16084275385327,140.53282498797782,31.977532922217634,0.43457944159305456,0.021182209039199935,0.5714833784174849,0.007563257819470351,0.1345207679740306,0.0031039987128301744
sweep,128.8421151433331,54.39325301318229,101.27114551396201,21.152720095351214,119.27556538563469,60.19037625627735,0.4279922550124029,0.005651518447839216,0.5593119117710877,0.011275837632974808,0.11958704266414065,0.002538799106323872
sweep,110.87325241995906,46.15966477999681,97.61145941372574,68.63746964630654,111.96308799002223,63.651888599783405,0.4115769044889086,0.01412816140187603,0.49151626987137187,0.013055698100324602,0.12259276576320427,0.0
sweep,112.06995376385458,58.59668715264252,91.80767063926709,54.89156186341646,113.60314852373975,95.21783921048106,0.34824866937675947,0.013926530963129595,0.4323228185896599,0.008273095308660626,0.13322311412091337,0.0
sweep,128.3872072572233,119.95326804930903,98.29994348531228,52.36477199433256,127.67526078310377,49.016046299508666,0.4093253020455377,0.0026453993630660283,0.5384594431636984,0.00960391056594886,0.1150806098561781,0.003353193420555387
sweep,120.11650200339369,58.68366149588876,106.94733583384706,25.515175489759415,127.88665630053627,26.562111831245055,0.40500936563884204,0.021749405183002925,0.5676412856985453,0.01034161397373404,0.11621486501232088,0.0020414553866002134
sweep,126.73861517102382,72.94558545495788,101.25849321425214,47.4820137633857,115.97629896438372,25.755987011351767,0.412728232813908,0.01716153944564015,0.41789994214693293,0.009336555709612525,0.11811346823972234,0.0033227008587962225
sweep,122.08257753484648,109.23032035736166,106.13371853819247,25.961706814942854,124.33639242963332,37.90133621603046,0.4095345915912662,0.014427876541487403,0.4704951548161919,0.013124995357130343,0.11882470183300943,0.0018621068948172733
sweep,119.38378139303506,57.74590354145302,110.96940309327016,58.563777732653094,134.14187092587395,93.27112451096643,0.38557814071397245,0.013320407029339164,0.429427981001394,0.007278379252881066,0.12109510293878088,0.0009856902517234511
sweep,115.396976289184,68.36403366128958,92.07157770596692,62.14773291351223,109.33640660677867,103.13415525575434,0.41616690098907994,0.013327680270722586,0.4222795289320379,0.015971321153446738,0.14859855070222186,0.003693831741472225
sweep,112.42423030830199,77.30880531866043,92.8491226644992,72.56756842635245,125.63879826869395,53.7369905004768,0.3113593649805414,0.00852545729710141,0.5412656678959924,0.014245092921031044,0.1484361494366563,0.0
sweep,129.0396472526741,97.59098345536982,88.46798178484887,47.86720414172963,120.58507224003182,46.526084555789424,0.34220585403481657,0.011518073599164534,0.48036167418469855,0.009481746584082861,0.12214222919231792,0.0022139756935170654
sweep,125.59976067394247,83.14985604523672,99.5158776150896,41.11789800341757,118.87182212112208,17.0393301487077,0.465187454717557,0.012997437908090537,0.5023816115958537,0.013362570076580624,0.10030173986764154,0.0
sweep,128.75994276086107,71.8206552507614,103.38864385644617,40.23626513710292,124.27149868482495,68.97402694243839,0.46555426512064063,0.011813230514259147,0.3735386367431358,0.012692326728129949,0.15020557463294057,0.00438911682396796
sweep,117.13320433213553,88.9796187204275,109.0219224169654,74.18811296302464,109.72952231528808,47.87852656129668,0.47945596430037446,0.013261215825043617,0.4329603438769235,0.01145115699759346,0.14009656088357442,0.003275925792662004
sweep,128.21341606597383,65.4806112775196,114.06275611544305,32.86837131362704,112.45569199950992,52.199936346200964,0.4864087726626071,0.006186952076069858,0.42138219501407365,0.0028679502229284884,0.1315139689409814,0.000863388365586912
sweep,122.1237348910194,88.66673038527104,96.76501139841197,51.88553798208852,115.17425015082374,64.23248053475515,0.46508676195597487,0.009851701682405525,0.48988089479597285,0.01365310189202173,0.13718388440039442,0.00030607588449773704
sweep,132.60863005660752,44.6678123146068,113.52610665088181,65.20486050932922,120.73651889266971,54.86163775053872,0.4289630968817522,0.016087283978870128,0.4777533098322763,0.010824494547239629,0.14470680824168577,0.001976386912948821
sweep,119.7887771808938,41.90198988574363,93.31390239161044,17.282958767782766,124.8895837683066,84.92224466590642,0.5152573682152322,0.0056013155767493505,0.543491280293372,0.014977372224732447,0.12381894710278821,0.0033028948613000987
sweep,105.76043804788893,78.72175143301136,93.32135260781271,51.35386830091344,103.26224441453697,61.88001968549224,0.4940942692625292,0.009436531629195987,0.43178464511537396,0.002453919351075067,0.12681197924433824,0.0019368121314367896
sweep,110.36572432353161,83.41607265906673,98.32824168398446,29.927635894760098,112.76483649075418,71.497742608519,0.47183507063027574,0.012408381420181872,0.5371463011078912,0.005936808152646415,0.13150885798342893,0.003394644660972941
sweep,121.26404799433283,82.97355006612693,95.63166301010128,56.564987890638776,123.20954680325539,0.0,0.5028481411453343,0.0,0.46303705846663246,0.013588718119902143,0.12601225267903163,0.00016762803506091594
sweep,114.97513041789595,97.87802480727962,86.32052303072311,66.96705049616189,117.4798361850408,30.298404985947712,0.4092115241824179,0.008371629247987532,0.5519735120515117,0.012563497334169935,0.10397478697546855,0.002292815762961332
sweep,117.29908852356968,104.59645120517612,90.9831911960884,74.95104895870823,117.68569765896011,30.852793803882406,0.4042399230843101,0.00935263427450355,0.42352289587906966,0.010331894009056314,0.11169716754312423,0.0
sweep,122.17286117385042,26.568023850269356,95.86236731656903,32.727071471463624,109.77572028007631,88.4175284489408,0.44297853074655336,0.01411643809092876,0.3934161022194623,0.0077111290322707735,0.13438455734268057,0.0010509421741739869
sweep,135.1532734626613,41.69204603529404,99.66325233134016,38.154332448410614,119.55118702456528,40.34308069223125,0.4256968164906545,0.011925608082410166,0.45593673455652195,0.011697828539739894,0.13474746525244433,0.002922772109493665
sweep,121.66097999870347,92.07290956910393,100.07559257047627,42.847485564524256,118.98827388214391,82.87787763006948,0.36922919221648043,0.016502848863401864,0.3864097303257137,0.010760456053800185,0.15576030205000926,0.0040773370489346145
sweep,127.71990079168111,57.876673386162494,102.25334515598661,43.76534470122361,110.580380821128,46.72426379835737,0.450474525281076,0.009509162338185587,0.45162309075891893,0.005239147968427391,0.13714219741011746,0.004190646523934121
sweep,128.3351372779041,96.32229641676238,102.71699991857874,54.58578374774471,120.86822529801859,50.333971646588616,0.4119726074747546,0.023074394401853195,0.4728829412087895,0.007669428011078473,0.1378226344246357,0.00360370883059001
sweep,111.8397012000879,100.29149201500621,101.2313722651372,29.336357600375898,129.22212203950056,63.387295403050004,0.37323218282515014,0.021086181923172645,0.5395278421019716,0.009964313595312338,0.15599823962437437,0.003418595567659281
sweep,125.71692260295136,55.36043707624587,106.74789958474577,56.00692985104286,118.13858052055888,37.62224835960963,0.4468602962999687,0.012682415524782272,0.4199915408759479,0.004848656770365351,0.13988421111488958,0.0
sweep,128.0705381117695,59.95230694460362,112.67529231214007,39.70973408621489,124.22553098253789,44.77616808947219,0.44600590250406835,0.01635260621568623,0.4722466570205252,0.013487942095744413,0.11537906937188609,0.0036891856851167582
sweep,135.30020840570157,88.63294479311644,117.63819019416096,35.174219469180905,104.98083106726934,33.90310102538883,0.47487136751375747,0.015265549350925672,0.5061353995788449,0.006069650328125046,0.14305515385113285,0.0006505904446989191
sweep,137.68221179035916,144.00744826312462,104.99024135602386,57.79621667905008,113.34740378162591,19.054117556219943,0.40817641763200424,0.00802732665300069,0.41317972541509906,0.016028259796984773,0.13528939878336516,0.003859375161227967
sweep,122.8850545588218,67.64364872242541,109.87073356707296,47.45673640592038,123.00975077495347,48.432721779220714,0.4219343273693479,0.006598540546511528,0.3813350562579723,0.009084533346267593,0.13188812799813363,0.0005277399265824182
sweep,125.6524933604509,73.35456458736066,84.40697467055547,32.625905720744385,121.84457115686283,59.044468875002536,0.37908596441409265,0.013720938629773794,0.5613444335216283,0.012719755356468144,0.12950210742814094,0.002164047373351415
sweep,119.65620759790819,83.78905852932336,103.59204842084597,58.57398730251697,119.24488879586367,66.90150389632345,0.4449944857401666,0.01657033365839917,0.5522493662219984,0.007184156794213153,0.10257597558319187,0.0061869857120291066
sweep,128.5871200055796,28.79495543349774,96.17523290269531,60.96748811181311,115.35985071410549,42.68048216839189,0.5139665622245246,0.008234843483953662,0.45211079853471,0.010739852662668936,0.13713795153188704,0.004092686068681463
sweep,135.18527948925498,77.00418124117422,105.99337294173742,43.645284443506604,118.59187198255458,53.95712207697615,0.4513571815712451,0.016515056124501562,0.5333087409166899,0.010154759510150642,0.11828053951672686,0.003235342516125419
sweep,125.7175807282509,76.8681758112926,120.00524650626568,39.20061732050725,121.98640834054339,71.44600962384622,0.4451745010644474,0.02363719529223335,0.4773176424961114,0.011134312278120164,0.11844277369028233,0.002396950529713414
sweep,128.50925381679832,93.32686237015479,104.60381384563236,69.15312946882356,117.10352746800518,45.95453275693011,0.5827704136643517,0.01479378130496124,0.45683110724128717,0.00757007683213176,0.11618107174356733,0.0049731387117135754
sweep,122.32707688763612,75.20953438654344,101.48176921658373,60.2890724534077,110.00673576317485,32.42458439219712,0.4518428978191882,0.01573436474538453,0.5199519387858584,0.007166911948159354,0.14165006171767672,0.0016122781458087314
